SHA,extension,malice,generic,trojan,ransomware,worm,backdoor,spyware,rootkit,encrypter,downloader
6b8d1a1f785c103e2d75702c22491d1b3942878bcba7965c9f6b2ec46440726d,2,0,0,0,0,0,0,0,0,0,0
238a9de495ddb87555913ec5d1f67bcc22b5d754b21b7ae9da3158461547da00,2,0,0,0,0,0,0,0,0,0,0
50e2677453fb89b7ba30c1e93a8bde682d4cd2ea37cfc3a8652b5adfead9e573,2,0,0,0,0,0,0,0,0,0,0
492221cf511865f5f26b2a3acab04d136b798fa93356123469e7a6d4acb6d6e9,2,0,0,0,0,0,0,0,0,0,0
7a8cc5e06b39affec26b3f1bcaae3fae4a3c35aac0d2b5d0ae0509e9d1f06090,2,0,0,0,0,0,0,0,0,0,0
380616b38e867f0d99ef4666f8d551e97ce56e83be29fcd4567e68b95d707d01,2,0,0,0,0,0,0,0,0,0,0
0524d1cc0e49105631e29f5e13f5dd2d1eb580899297b29cf67aa9644da62e20,2,0,0,0,0,0,0,0,0,0,0
c17ee22de6897f89917d1b60c176028bee0a0c2d990f918b83c59669ce599a80,2,0,0,0,0,0,0,0,0,0,0
3e71f762320a9af8159d51e374a64ebd4916a92e3de3be8dc1e22d86410982c5,2,0,0,0,0,0,0,0,0,0,0
a2c736e2a3b63fe0ddb28654994df83085bb735bfbd70da0aaa5458ed4b854e2,2,0,0,0,0,0,0,0,0,0,0
410d442aa93e4a593e651da540c0debd3f60d150671529a461c1c73a7f82473c,2,0,0,0,0,0,0,0,0,0,0
62e8db45cb438205641ee57e8b486f0884ad6d4f3e8e5906f38aa157d301f718,2,0,0,0,0,0,0,0,0,0,0
6df774a7ed523b867cb9bcc2f56d95db134f8f668c5c7dfc6843665ce2e966b9,2,0,0,0,0,0,0,0,0,0,0
d889aa776b67de0daebe36c6c824812b58053bf28d6fd9eb8c752b004115c847,2,0,0,0,0,0,0,0,0,0,0
4ec1e44407cc7874b875e2850962e0583a97486b29578cdd4bcc21d7e1d76004,2,0,0,0,0,0,0,0,0,0,0
c1c5a893f7eda8d1117078dc8fbdb74abb46e362cb517a3dfd61d88d20e311c1,2,0,0,0,0,0,0,0,0,0,0
c39f47d2d4525bb4950827f1edb92ccf5067267aa1aaef7137e45482c1436d97,2,0,0,0,0,0,0,0,0,0,0
647df4453044059c24cfcc2e37824159f29474bdc0b5755ae1a832d019aba289,2,0,0,0,0,0,0,0,0,0,0
1677d160b38b55b8e27e0c012a5ebb1a2ac34d87e515ca82412d9d3465507d80,2,0,0,0,0,0,0,0,0,0,0
467823968d057c72e14cb0dab019c232231b7ecc34f55225b259627e3b05ea1c,2,0,0,0,0,0,0,0,0,0,0
c4617cd94408d13e68d3dd75920911a56a1b1bae0fb19c035b156ec4a3cdefd5,2,0,0,0,0,0,0,0,0,0,0
5b231372f1e52b49526215deebcfc997b9dd74d77cc35d9cf78590480e51b1a0,2,0,0,0,0,0,0,0,0,0,0
30e76f37938413ff5ffcd80ec35bc4ca353a64a5aa3a197a00cc23eb11ad8f8b,2,0,0,0,0,0,0,0,0,0,0
bd5a69a9c5a213a0d48f8aa335c4d111629bffc9678610a449f8b1aea55da018,2,0,0,0,0,0,0,0,0,0,0
ab3beb52eefa353ced0055f7027b39262372197864b6d1b5bcc1dc3d14a3a1ce,2,0,0,0,0,0,0,0,0,0,0
840c32590029366c04f95295e354b811646a3ff15e4561eb7f325c7abde65d87,2,0,0,0,0,0,0,0,0,0,0
c43cc2ffc9543054c2b6515a8378db1e085c2db4e9a932deb06e2af1febaf4d8,2,0,0,0,0,0,0,0,0,0,0
b01bfe8ab2002184ecbdbd338b112ad400fa83c4519dc499902bb9d0ad389013,2,0,0,0,0,0,0,0,0,0,0
c2ad19887db0f553d143e357611e48d6313ca52d745eb0ed8a43391d7b2ed5eb,2,0,0,0,0,0,0,0,0,0,0
85e5b1567f105a9c82956a6e2865594c5dab7b932a4835a927190445ab44ec28,2,0,0,0,0,0,0,0,0,0,0
86cecb5aaac5dc004f3b4ddceb327be61e5721e971ad0e653762ec3e59850872,2,0,0,0,0,0,0,0,0,0,0
7f98f833fab3cbae22783a129d68a437556210f0e824cfec857999af7268989b,2,0,0,0,0,0,0,0,0,0,0
f0c719723b7689e702a6bb7cf5a56b96f5cef85d45df5ec612ab68524d1e0a47,2,0,0,0,0,0,0,0,0,0,0
9776d6321771a3d00c6e5f1eefaef41103936569963a61b6b321d1ee1ae06263,2,0,0,0,0,0,0,0,0,0,0
2a1c7574a5c42eb8c9348d9dba505ce49f2c88231d7ea6edd3715a39a5decd94,2,0,0,0,0,0,0,0,0,0,0
88ec1f01619de1296a93e19cbdf9fd14564217fde42e396c65f278b5a0327a6d,2,0,0,0,0,0,0,0,0,0,0
17e88c51e6086df7eb89a14584d0e21120442f30764e61080549bd281286f42b,2,0,0,0,0,0,0,0,0,0,0
9918b2f820a89c49c64edb1fd322ec96d1d60d3e9b31b1cdcc7340250ea05cdb,2,0,0,0,0,0,0,0,0,0,0
3777466cacecedcab6f2e7adc82cfc5f18c0c7f41bea1c68192c4027d53c0d0e,2,0,0,0,0,0,0,0,0,0,0
8c3f76c2e9ee36bffbbdd67dfbb67c5823051f42f4cd3f2ce47771e28973790b,2,0,0,0,0,0,0,0,0,0,0
4df54b01e012216c2c376c7f4a2bee56c0dfead5bd9324e69d774274151c9a1c,2,0,0,0,0,0,0,0,0,0,0
0fbcedf08d9e262137afba702687b2de15822149e4a282b9249907134e5ef151,2,0,0,0,0,0,0,0,0,0,0
464d6f177b27f77e27c20eba1dc0ee6e85ec4eb1715043c6af6deffb63982fd4,2,0,0,0,0,0,0,0,0,0,0
e929cae582e4f92f60ec607da7acb448e22742691a4992406dd893bf99f2955f,2,0,0,0,0,0,0,0,0,0,0
dad6229600eb17c91ad9ddae5481379a6d06b08147d840e20648f8e36d56844e,2,0,0,0,0,0,0,0,0,0,0
a9447372cc62144ca19196f8f18ffcb35f3907c10b8e4b2f442a026aeab5d05b,2,0,0,0,0,0,0,0,0,0,0
20601ed7e2bfc85362f090f0f5b72366f213c191e93b0c756acd98fef626e5e0,2,0,0,0,0,0,0,0,0,0,0
8d3e20eec3066ae31bfec63dfc5def83ec3fb788456c18fd6f7cbec9d7689cd3,2,0,0,0,0,0,0,0,0,0,0
17e977e2f4d8f9a3de8e01eaa1c82ccca63789cacc135859f665046a4a990dc8,2,0,0,0,0,0,0,0,0,0,0
5d62d79f6555d7a7edaf3b175312b326df779f9ae8c893e2182e4159f44c9d34,2,0,0,0,0,0,0,0,0,0,0
72bc39297e239de515b1384d1df053109eb71567ddc3b94cf7b27ad3a5ad31fe,2,0,0,0,0,0,0,0,0,0,0
4197fc76b3e00145191b260c9ae8e98531d966202669ad39d34137ce303d3566,2,0,0,0,0,0,0,0,0,0,0
bdb7f88489766e317f82c3a9e4171eac231e5d024b506b3f6aa2e0b927c8eb5c,2,0,0,0,0,0,0,0,0,0,0
af50bf38e1612222d51c1e66bb3410a6e771bc5003050a1458d8731571038c46,2,0,0,0,0,0,0,0,0,0,0
255ef9288394de9307866208c65b3a2e1c7b0d30d9fb27c7572439a1bdab677b,2,0,0,0,0,0,0,0,0,0,0
b207f025c13b2bf433eb5e2f82bd8f6c0c6853c8317fed4ca308d185f4ccd345,2,0,0,0,0,0,0,0,0,0,0
6c29fa22f01232ee015ac027338ce7b69745844fae51d7cde0916acd371f3bfc,2,0,0,0,0,0,0,0,0,0,0
304f34f5a9d1c1c7a3fd894dd93d8b6616a615600d475923443bca4e7587c9b8,2,0,0,0,0,0,0,0,0,0,0
81c6fb4c2ce61eb6ca4d86f70f2c905a00c814b9fd37fd1ca0ab94a169165a34,2,0,0,0,0,0,0,0,0,0,0
b485014e1dcb4be9fe508c27b8cd2c5457d56f65e2435e1f162ebd477698b6d5,2,0,0,0,0,0,0,0,0,0,0
e000a2915cdc991900e600a9848c836c6b62241cd7198eeb635344530869d912,2,0,0,0,0,0,0,0,0,0,0
bba0a97a71cce8e07936ef644b34bfd142fa06bd5a3e00c4affbf0596ceddf46,2,0,0,0,0,0,0,0,0,0,0
3b812075fee45f45ae2d9801c25eb4cadef412b703a1df9c29060bad61fbb039,2,0,0,0,0,0,0,0,0,0,0
bd275f25b96e610bc657eae9b8b166defd7e1ec2d6d86f72127eab7a56319045,2,0,0,0,0,0,0,0,0,0,0
8c953a78a471f5ed443a422f015d19ae58ad382a4383825b3c375e861cf25c33,2,0,0,0,0,0,0,0,0,0,0
a6376200168b30c542e04f44d9c68c2bf21deee11d23d1b3bd3577de19d72dbf,2,0,0,0,0,0,0,0,0,0,0
f44f5ab3498c21b098c8d2d823f29c990113b9ef98d429e0c0eed152d5761bfb,2,0,0,0,0,0,0,0,0,0,0
75b7971116bc93808372209737c5f272cde2b5409722dd7a13c5b780f98743ef,2,0,0,0,0,0,0,0,0,0,0
ebbeca9392e0e1e86baf037302fa8560dea7c321e530f4a5a4463cfea66c85a9,2,0,0,0,0,0,0,0,0,0,0
4d42711b63f90ff9af3d6c8e4edb3ff08cab6fe5131d9a43f4d10d1ca51f7378,2,0,0,0,0,0,0,0,0,0,0
0e69c9e8e2447ea2c355e3daa30c1697427fe40748a0daabf2d996ab254e89cf,2,0,0,0,0,0,0,0,0,0,0
27f1277673d83f49d757265db319753cb6c2b497df3b9f4007ff81bd56cc930b,2,0,0,0,0,0,0,0,0,0,0
0704b67194c1ac90f93c62cd00d1742dfb0069dfc837657e29c63884a989fbb4,2,0,0,0,0,0,0,0,0,0,0
5fd41a27b02e9e2c90fd4d98aeae32d41cd24d5efe80ec918c7ad7cc2514386f,2,0,0,0,0,0,0,0,0,0,0
2b8f77719ff7528fc7147d381d98f0171390b94b85f84f9b4483e9322f140726,2,0,0,0,0,0,0,0,0,0,0
1c639fbba837b57f28691e7f210a034dd1b55380a13649a64e47be55bb8308a0,2,0,0,0,0,0,0,0,0,0,0
e97fde1aa1260261577d81203a2a0b1b666e7774b44f42be89c84065d93e89e6,2,0,0,0,0,0,0,0,0,0,0
daf40d9a2ec0f85748aa446e41c11cf7188fdfa0f00d84652a38699c5e04863a,2,0,0,0,0,0,0,0,0,0,0
c34cc55cb45a4721c16e724df45e21f772506e463d7ef79fd67d4db412973b7c,2,0,0,0,0,0,0,0,0,0,0
c85f81c3417f5946e73204b1f62037ed7c390cbaf3d21e87be2b583f69001d70,2,0,0,0,0,0,0,0,0,0,0
c7bece8dcd0dd98d240f3b627045e3a464a3b27314a61cbcb79a5ac4ed538ba0,2,0,0,0,0,0,0,0,0,0,0
c1409cf7edc4ae0df90deba32e1087ec4fca5052809197edafb417a58172c0a5,2,0,0,0,0,0,0,0,0,0,0
8a003a2f25c4d464c9123cae4467afd4b50cc05287b370c53494c472bfbc8b48,2,0,0,0,0,0,0,0,0,0,0
a52beaea57b9dd1a642c7cc129b4cb2c0b2c3abcf4221cc1bf4de4cb3c307e2f,2,0,0,0,0,0,0,0,0,0,0
63f0221e6bc2cc48d63f079c46bc438e2c21f5267ce3ae11915d4e8150a640f1,2,0,0,0,0,0,0,0,0,0,0
2d9861d0185e05d493c8d5bbae368263f15c0fa66fc7e70c9eae8bba1b43be26,2,0,0,0,0,0,0,0,0,0,0
bcba1e02e54c18224ddba76e1a980a212819a619f1aca68f2d0fc463140e5260,2,0,0,0,0,0,0,0,0,0,0
9fc8838b805dc526676f347c869654bf54eac2d212d8fce2c30628bb1d0f91ab,2,0,0,0,0,0,0,0,0,0,0
2b672dd0e086dd4196087712ba0e34af205f518231545646c81d01411fe9bda8,2,0,0,0,0,0,0,0,0,0,0
dca3a8f6bbe4e3be641adfd870352545e103298444f0cb68c932861327047b63,2,0,0,0,0,0,0,0,0,0,0
9eaf987f2790faff354c8e405d7c09946924056707d1fe81bd3ce5a2c3f0133b,2,0,0,0,0,0,0,0,0,0,0
f5cad84947ed80047edb5ccb213286921635ce6bebb57f5e4c0f6d2a62fe2e2f,0,0,0,0,0,0,0,0,0,0,0
3069656c32874d84e7cad06b4c0c39fb43393bfa8c57c1afe806eb9990f91c07,2,0,0,0,0,0,0,0,0,0,0
b4611fee5b2f91172ee8c3ffad96c677f3d648c9bf4e04bb5949a2e8b1d8ba6d,2,0,0,0,0,0,0,0,0,0,0
04ffb8d60a17d6405a9408e73e9cabcdaf5e396f7c4784874dc49c353e97315b,2,0,0,0,0,0,0,0,0,0,0
ae484f4c0341f050d40d3e148be8d11ce86358349ddf3100dbf7d605780a5f95,2,0,0,0,0,0,0,0,0,0,0
f5dec030c7e98a32f27015300e410e3999b0ccf1741410a2563d9489d98d1769,2,0,0,0,0,0,0,0,0,0,0
ab7b20718cab3d0b222d591d506d17525afbb5e80504c7b69cf5d9944b5f6699,2,0,0,0,0,0,0,0,0,0,0
bc81bcc2425d129d84a478eb842b09552681a23acd1075339b60b4156eb7cd2e,2,0,0,0,0,0,0,0,0,0,0
08805d42f83cab69e6b93d9717da43d4d61892942b2573e45ec0e97adc6b506e,2,0,0,0,0,0,0,0,0,0,0
17bbf89e686da7e0ec6afc47109a3288691fe8bf47651eae561450a652ef6c2e,2,0,0,0,0,0,0,0,0,0,0
bb13a981b2537e60e86ffcc1e55706a1e5b3814b03194ef859a1816e7a3c667a,2,0,0,0,0,0,0,0,0,0,0
dc4a4aabaa2db2cd79d01d12e35ae7402a4aa8193660141c30ee216cf27f189a,2,0,0,0,0,0,0,0,0,0,0
f7bc0e7b1a3f57977fec35320a0662fc081ef25084cc2c5eee4462a488efda97,2,0,0,0,0,0,0,0,0,0,0
6ee4dca852ae3b8f2fa3dba67bf58ea089d1ad5af0946dad3350339877cb7f29,2,0,0,0,0,0,0,0,0,0,0
19d36aabe344cae70a3658db4752c0c604d226b69fabf6cd07fe467884fccf84,2,0,0,0,0,0,0,0,0,0,0
d066f01806aebbcab980104ae4177546654ef5a71f51a36f6ac19170a31cb085,2,0,0,0,0,0,0,0,0,0,0
f8b29d56375db2665c596014831a0daa7804df5ed2ead414c644f565c6b488d2,2,0,0,0,0,0,0,0,0,0,0
c719dfc0faba60957d7933fbe8018407fddc0f7827704e289e51ff2de03ae0cd,2,0,0,0,0,0,0,0,0,0,0
8b42292720589ce90e3d4b6d2eed1dab9f8f46827bf424975901902ccb6441ad,2,0,0,0,0,0,0,0,0,0,0
5a071e20a23c845332e288fe02f2601518c8f1c1de1871d24a0530b09841157f,2,0,0,0,0,0,0,0,0,0,0
9be9fc05b07871d06030a535b277e451345c1398e537fdad2a0c9cf6487795f2,2,0,0,0,0,0,0,0,0,0,0
8b658db99f95a84d2dade78aeccec5be93b25392ffc80f78b457c3523827e7d2,2,0,0,0,0,0,0,0,0,0,0
9d50a4f9ce524d40bbd02d6e5d8a24bca6b1005065add4bafc69ba198695506d,2,0,0,0,0,0,0,0,0,0,0
3088b3479bf282bffbb9929a6acc9f61fe993f7ad51cfb2917205d2dbfa1fbc9,2,0,0,0,0,0,0,0,0,0,0
5052ed5ba5435693affdae0f4fa7c388ab993b4f9c7a153c8e80800e7aabd512,2,0,0,0,0,0,0,0,0,0,0
c0975115208399a8e9fbec2d9dee70af458b44471c8d8ac1b09c21631f9dbc4a,2,0,0,0,0,0,0,0,0,0,0
0c1134c20c7f2a20eeda30f998c5e70336e56fa1fde05434028d97f3eeb31c33,2,0,0,0,0,0,0,0,0,0,0
47345897afc335e518e03bc2b4afa016dd8cbe33cb79b1a02424310b769a0e56,2,0,0,0,0,0,0,0,0,0,0
311129b9debdb192020e2038697de1f23bc8572d02dfbfeb742b3f603df950da,2,0,0,0,0,0,0,0,0,0,0
c8a0eebccc746daef3270ddd170d030ddee6f9c6ac09dc6a41b4d5fb6b1aa4d6,2,0,0,0,0,0,0,0,0,0,0
4e3b3bf5ee097fdbf0b595a37261eb70683a3c59e15e6aa616e313a7134a48ea,2,0,0,0,0,0,0,0,0,0,0
2947757db8135ac19893707e98680aa279ec99eddbad267d8f20ffd9e4e2feec,2,0,0,0,0,0,0,0,0,0,0
30fa3790d2049953b8063d77689133c712e58df4cc4f9cbbbddaa96bf79941ee,2,0,0,0,0,0,0,0,0,0,0
262aa82cfd43744433d44228d12c28b322970afd382587ad82f6bb07b903a501,2,0,0,0,0,0,0,0,0,0,0
1296acd35b7b7c0754e887430518b65c3a9efb89f111961a852806a07055d344,2,0,0,0,0,0,0,0,0,0,0
8d2e797d19c2988c3a18a7d4fd765c03cf1634df5738be1260586195bf232046,2,0,0,0,0,0,0,0,0,0,0
7eef714fc5db03b3f45f8e2226e4c3876864f2baa13ca1730324147ca6957c96,2,0,0,0,0,0,0,0,0,0,0
2edf7c8fd59cd5fcd19fa528f60cbd6ddb9a8076ae0280b11d8ea8eaf7d39958,2,0,0,0,0,0,0,0,0,0,0
0727bb0cfd046e9c9b57c0e23b6fe1664a369cfdd2aaf7efa78a22e5dfb3f4f2,2,0,0,0,0,0,0,0,0,0,0
2debeb3bd8ee05e342aec360134d65f6f3e637145ebc001f243e21e58d8503f2,2,0,0,0,0,0,0,0,0,0,0
be4e345e6b82e8092455aa56c64030709c290a0c3fa5b95eca2203da9708df66,2,0,0,0,0,0,0,0,0,0,0
2999b0709f50ed5026039496142254af172990a50e2a6e1d327b7cb94b072f7c,2,0,0,0,0,0,0,0,0,0,0
9c9ab16f3a94bde179d66cb45b1f50af58ec4b849ce103dafea33f5aef4d888c,2,0,0,0,0,0,0,0,0,0,0
aa6e5489177798f6547b0d149182ce1ca80de12227bc7efe1a8e5ebcb8217c32,2,0,0,0,0,0,0,0,0,0,0
a1c81cab06d7568368fef4d06a92601096ff3ae7a32529fef04211f707da8a39,2,0,0,0,0,0,0,0,0,0,0
182b76c6236027029d3afd9482e5c0e4bb89116dd214c11897c56517fc25a87b,2,0,0,0,0,0,0,0,0,0,0
f1b575cadc881d0129b141bda3e909230d2c328bcc1f2b8d9936b79b02958500,1,0,0,0,0,0,0,0,0,0,0
66031dcf8d27466f6407c1ad670e95947914b02778831f637172244b83eaa296,2,0,0,0,0,0,0,0,0,0,0
42ad5682ca815e21b8c44e3863b202e47ad3bcda209c0bc8484922d6dbdf31d5,2,0,0,0,0,0,0,0,0,0,0
b493bf6d7085eb97d17dd6516345e65277d3a60b848f11aef283dbba759435e1,2,0,0,0,0,0,0,0,0,0,0
4095c33ca52203420d14bf3402cdbae1f237a221c270fae8b302a0e06664ad6c,2,0,0,0,0,0,0,0,0,0,0
a71a16c4b2d56acc3f8e2a2c576a0b9f1fc848e02110ba70e82c3708898a3328,2,0,0,0,0,0,0,0,0,0,0
3ccc132059602cbf7dc3acf61a7f83d443a8379a784cc660575858bdb455e6cc,2,0,0,0,0,0,0,0,0,0,0
5c1af46c7300e87a73dacf6cf41ce397e3f05df6bd9c7e227b4ac59f85769160,2,0,0,0,0,0,0,0,0,0,0
69828c857d4824b9f850b1e0597d2c134c91114b7a0774c41dffe33b0eb23721,2,0,0,0,0,0,0,0,0,0,0
e447797c377b176832497d6ddd22226f1e403a63f48f6fe1a77fa7009036e749,2,0,0,0,0,0,0,0,0,0,0
cb548e26ed3c9a1550374e66b497d68f80a2e8129f098d77cabc4c25698c4347,2,0,0,0,0,0,0,0,0,0,0
0d8d47b0b0bf9291e01f426782ba721d5be30ea9b2547f315c7ca48c367b2aa9,2,0,0,0,0,0,0,0,0,0,0
47ae084ef854a1c6664595f4369b15d386c95219f850584f2ae9e65b41c6441f,2,0,0,0,0,0,0,0,0,0,0
03eec2b97fecae6f2ab2be7f69c1c296a8d5e1efb2f8b6ea8e6491468df4ea0a,2,0.888888889,0.444444444,0.46031746,0.015873016,0,0,0,0,0.079365079,0
80d08b3f1be87e21c03786a6ea5de604cc8bfc0d665e4fd32260ec7d563757ad,2,0.933333333,0.390625,0.53125,0,0,0,0,0,0.078125,0
c5ae3795fb0a8626a88bafcc0597f0d603411a445bf6eb106104e3fb07d9762b,2,0.924528302,0.345454545,0.545454545,0,0.018181818,0,0,0,0.090909091,0
95bf011f5a4a4e2ae9aa992839f7d4a01eb1f370b57e966e1e14a1d454ed0680,1,0.872180451,0.447761194,0.552238806,0,0,0,0,0,0,0
a859c572a7dc478919f106ba358d58ee03817b32cf590da35849970a1f7d5c23,2,0.87037037,0.388888889,0.537037037,0,0,0,0,0,0.074074074,0
d49114e4053ab314af210274d02f9b869c97f4bd239600cb8049e6aca372d552,2,0.924528302,0.410714286,0.517857143,0,0.035714286,0,0,0,0.035714286,0
e5ca6c654eb19b9cc76a95be7d1c46d0733b3aafc2ebb642c0cc68f1aa295247,2,0.93129771,0.410958904,0.506849315,0.01369863,0,0,0,0,0.068493151,0
3ca35f616967874289cff2edcc0b98cce422f965542fbd064459fcf81b0cf5c3,2,0.934579439,0.403225806,0.467741935,0,0.016129032,0,0,0,0.112903226,0
0e543d67435f462fed04e6074699d57b988e01fb3ba3bc6d3d89c46092758f3c,2,0.923076923,0.43902439,0.463414634,0.012195122,0,0,0,0,0.06097561,0.024390244
4fba51b0be53793387c15617115bbf3351e5cd11bdcf8b3bf29815882a14ab7e,2,0.963636364,0.338461538,0.6,0.015384615,0.015384615,0,0,0,0.030769231,0
011e11df66286f1d222c10c6497fc03c9c9575c53fa4dce622ec71e085460af4,2,0.896,0.436619718,0.492957746,0,0,0.014084507,0,0,0.056338028,0
9d905be6911680c0b2176c8e08a67ded374bfe68094c0c5ea7d641c9786312d0,2,0.901960784,0.431372549,0.450980392,0,0.039215686,0,0,0,0.078431373,0
6ebe5d36e67b11878fc40aa0c0b0f0e885adf68a08ee1b2115be76b549ce119f,2,0.933333333,0.393442623,0.475409836,0,0.032786885,0,0,0,0.098360656,0
3d4b3550a40b781480283e7cd9673f1956d42735dde88998082d5d83e4ea94a8,2,0.934579439,0.358490566,0.547169811,0,0.018867925,0,0,0,0.056603774,0.018867925
3d0b35f1bf3395b42e2dc24fa3d11c3004274cd713dec0399512a07b4a27e63b,1,0.859375,0.453125,0.546875,0,0,0,0,0,0,0
1484ad44a8fc1250903c50df8961854b12a06edc77e9cd67ed7d83e8af3ebed3,2,0.883333333,0.388888889,0.5,0,0.018518519,0,0,0,0.092592593,0
949a628a40ef5c573548594e8865bf88b698a972f95510f8a10f5a57cb9b7967,2,0.923076923,0.473684211,0.438596491,0.01754386,0.01754386,0,0,0,0.052631579,0
f8fabb21a1d0e56e479d3a4b25578816882897d1ee1881eb701a9d679b02c094,2,0.933333333,0.339622642,0.566037736,0.018867925,0.018867925,0,0,0,0.056603774,0
0a59771fdc42dd24d8dc9b3490983c46aac749861be1630af697511deb8ed1a3,2,0.916030534,0.430555556,0.375,0,0,0,0,0,0.152777778,0.041666667
6ee3b41480eb4c65cbb04cc89096a0744ee53ddbe94b68ef5ee5d8e4ee7431ed,2,0.95412844,0.352941176,0.568627451,0,0.019607843,0,0,0,0.058823529,0
2ae97d1dc04e59c69da0d72c8490666b24bea5c42ce30292677f87333c6f79aa,2,0.95412844,0.368421053,0.561403509,0,0.01754386,0,0,0,0.052631579,0
104fd99405065a19d5c738a91f4780fa74f0326a36954649a1984d5bd89d93ba,2,0.924528302,0.406779661,0.508474576,0,0.016949153,0,0,0,0.06779661,0
3ec5e2d0a67e772015b36ee2134cb4674898689b07e9a4ab34ccc631ab8e76ad,2,0.914285714,0.307692308,0.557692308,0,0.019230769,0,0,0,0.115384615,0
ab08b2c5252ac861b6a9f98ee565bd22142dba974dd8b890ed465d61338b1fc1,2,0.90625,0.365079365,0.555555556,0,0.015873016,0,0,0,0.063492063,0
8949f4a1ec5e487e51da6846911115b82f7c1902ed124f31c4acd89ad5ad7caf,2,0.924528302,0.314814815,0.611111111,0,0,0,0,0,0.055555556,0.018518519
e08cb43124d087f197a59ca41f9dea2aec03c2875cfed047a3640b08593e297c,1,0.863636364,0.447761194,0.552238806,0,0,0,0,0,0,0
138ddbc3ed8ead5576b4db26656e64da35a45be04915b96c07cef90e2e6c6790,2,0.933333333,0.35483871,0.612903226,0,0,0,0,0,0.032258065,0
0448d20fad584eec5c7e653736e0c5ce5c6371263ad6703024684c3dcc6998f8,2,0.914285714,0.355932203,0.525423729,0,0.033898305,0,0,0,0.084745763,0
6a2e3ed6ef50f899945c22d249563be6032f1435a55ce7336295b370df46f2e9,2,0.923076923,0.358490566,0.528301887,0,0.018867925,0,0,0,0.094339623,0
a0acc0feb1da7f571faaa7dc3b7ebcd1b856710d1f44cd6e0b57ec5a9bc70038,2,0.934579439,0.431034483,0.5,0,0.017241379,0,0,0,0.051724138,0
c1756146abb4caf2d14cc62ce7c4fd6c9eb8d4096c67f3e8d22e21e60a84908b,2,0.944444444,0.433333333,0.516666667,0,0,0,0,0,0.05,0
7ad001c166bb7772c357e3767e1b129296bff96660c13e7d41f525b7c9465136,2,0.923076923,0.396825397,0.444444444,0,0.031746032,0,0,0,0.126984127,0
a28a5eb82aa7c694632acd5ece79bb7de4702b208094236cdf631f6501cc566a,2,0.936170213,0.506666667,0.413333333,0,0.013333333,0,0,0,0.066666667,0
21be14afffdc477962c1cf4c99760ca22e2925e9a81cd5ff38833e83025bde11,2,0.897637795,0.4,0.483333333,0.016666667,0,0,0,0,0.066666667,0.033333333
6f7869960ff63f3fab8aeeefb5971baad925be60d7a600db0e23672fdc637e3a,2,0.90625,0.403508772,0.526315789,0,0,0,0,0,0.070175439,0
a0a9d9e172b5c8ecb1b707c1195d8f6eaa9c6fa0ef6aff1779769d27270ee270,2,0.888888889,0.459016393,0.31147541,0,0,0.016393443,0,0,0.213114754,0
728eddd0742dd6e8888123f05a329f46a328719266f298537fe9e316806e2514,1,0.913043478,0.5,0.5,0,0,0,0,0,0,0
6e417428d11f788fa27f8665a3114fafe655a7d0a7ef85062ac40bc78056ea9f,2,0.95412844,0.365384615,0.538461538,0,0.019230769,0,0,0,0.076923077,0
1315cd235e0574d5a56468d10fc966d1debf2eee0f1cd74383d20059b2c7d644,2,0.923076923,0.421052632,0.526315789,0,0,0,0,0,0.052631579,0
e8a317fb4700e125ee7c4c524694bc7ccb4a6976565a59ab12a482a54620fb24,2,0.944444444,0.416666667,0.5,0.016666667,0.016666667,0,0,0,0.05,0
33396f653a2a146163576503344828d4a9747c3b9ee91d05c7c2c4e21cd37630,2,0.933333333,0.294117647,0.647058824,0,0,0,0,0,0.058823529,0
0bff0d467f506b497fef4b991c469e90aace6112fceea6bfa1724a52cf119567,2,0.93129771,0.380952381,0.507936508,0,0,0,0,0,0.111111111,0
b979d5a8b312e5c8cf6c36c108c2260fd6e0e868f6094dc78ab29cd19b3ee947,2,0.934579439,0.326530612,0.571428571,0,0.020408163,0,0,0,0.081632653,0
305c1dbeb808a77ead06d1afd12736cfe8a223f8793321316aae283ae4147faf,2,0.943396226,0.333333333,0.611111111,0,0,0,0,0,0.055555556,0
29277d1f8139ba6788aaab1be795f02e3d7b7dc05b6065dcf43d27362f9a0a69,2,0.897637795,0.493975904,0.43373494,0.012048193,0.012048193,0,0,0,0.024096386,0.024096386
ba652ac770cba95a4730c46f5549b1d35ed36e52a86aead20aaeffd39cd93f04,2,0.923076923,0.301886792,0.566037736,0,0.018867925,0,0,0,0.113207547,0
163ed026f473e6c8d2629198ab0b942aadfaf407f3ce53fe5a7f11cc58553ec8,2,0.953271028,0.375,0.535714286,0.017857143,0.017857143,0,0,0,0.053571429,0
affefce7d2a26c1d0660e58c0f5321dd0d27e231dbc9d8041aac49524d6eb167,1,0.888888889,0.453125,0.546875,0,0,0,0,0,0,0
eb2f9cab38a95f63f59ed9dbb6411bf0100b77bf897c735312e6f34920337f82,2,0.943396226,0.333333333,0.603174603,0,0,0,0,0,0.063492063,0
21ca504149a4102a35247b80ba1cb514180aac90a64d9b18d587854a04add4e3,2,0.944444444,0.333333333,0.543859649,0,0.035087719,0,0,0,0.087719298,0
dc60c10824b20d32ef6291e00f2f38cc6c2f7ac5cd2d701bc98dfa1ad75cab2c,2,0.971962617,0.388888889,0.527777778,0,0,0,0,0,0.069444444,0.013888889
8452246bacdff3de3246eb3ed49cf664d70b735625a746f19c0b8513087a0776,2,0.943396226,0.355932203,0.525423729,0.050847458,0.016949153,0,0,0,0.033898305,0.016949153
bd9364ea3ff4e5e8a03eb49b89a6a29bd287e8bdaa87ea18ea9e82af4f35bf4a,2,0.934579439,0.34,0.56,0,0,0,0,0,0.1,0
977880db1a92e24e3e7acf5be70c3caa6464cfa56424f5b990a893ba2cb6743b,2,0.963636364,0.414285714,0.542857143,0,0,0,0,0,0.042857143,0
6456329b10d63a99539eadb5d99753397802a6f7c4acb5d8af2f5ef7edaf94e4,2,0.923076923,0.403846154,0.480769231,0,0.038461538,0,0,0,0.057692308,0.019230769
4e582f7e238a7ef306cf2be40e7179e5a6377ee915a19d7f871b8fcae9e9f289,2,0.932038835,0.29787234,0.553191489,0,0.021276596,0,0,0,0.127659574,0
e553c452c3a6e985d8c95d0972d7eb02b7f5759a44790f6b0c1a8ac5af264787,2,0.943396226,0.454545455,0.490909091,0,0.018181818,0,0,0,0.036363636,0
3cfa83d3a8292930512f6e3106984e6abe9d749235f3bb2101e0fa4d4b5ce890,2,0.944444444,0.36,0.56,0,0.02,0,0,0,0.06,0
5735c0e8681fccd61ed79ce41a8937de7c542f74005c50aeadf4259614d211b3,2,0.880597015,0.444444444,0.476190476,0,0,0,0,0.063492063,0.015873016,0
eead92c06234212d100f165f29109bb50d1cde45c45e9087d7fe8ec9256f2a27,2,0.924528302,0.444444444,0.444444444,0,0.055555556,0,0,0,0.055555556,0
f5c3c68c99aec8a15f78f56da1331ca2905bc53eb53d4b2861f1c5544055946a,2,0.914285714,0.3125,0.583333333,0,0.020833333,0,0,0,0.083333333,0
ac26d5e8c029714338450b558facc11e1c301065a52a946df3f5f05b0754146d,2,0.963636364,0.379310345,0.551724138,0,0.017241379,0,0,0,0.051724138,0
c580751b0742f681407d72204d2458c6267257f4d49cbdbc74a755c7855e0a40,2,0.90625,0.446153846,0.507692308,0,0,0,0,0,0.046153846,0
90d5ee7dd591cb3c7c0755c40c2f63f978f5e0630c163c3dc5c59c5e75e961ae,2,0.894308943,0.425925926,0.518518519,0,0,0,0,0,0.055555556,0
2c0aaddbefb4eca4bec3357aa3b3d7ccb841e24a63cec139d3ffb3d82427ae9d,2,0.933333333,0.375,0.5,0.017857143,0.017857143,0,0,0,0.089285714,0
87228572250af74562395270dc727e31a4bdbb95ec181825290ba9cefa49c659,2,0.934579439,0.413793103,0.5,0,0.017241379,0,0,0,0.051724138,0.017241379
f088cf54f46428413ed4af60f2136b712dd0ae7c27633c82e2f57f82163a1813,2,0.944444444,0.322033898,0.593220339,0,0.016949153,0,0,0,0.06779661,0
989598131de51dafa4f4910b4a519b7d76662cb5cea41c36682faa5a7fbfa342,2,0.944444444,0.309090909,0.454545455,0,0.018181818,0,0,0,0.218181818,0
35f41e8345b46bf005467b96c2b53ce02ee397daf4b1b1a934f05dfa644b4499,2,0.893203883,0.388888889,0.481481481,0,0,0,0,0,0.12962963,0
caee4fd297b7ae74fa2383b507422f8869ae551baf6a4c4a42a3b95ec2b4d584,2,0.935251799,0.244444444,0.466666667,0.144444444,0.011111111,0,0,0,0.044444444,0.088888889
e9f3725cc9b896af27bb3c11a4f5c631b6bae75157e1c9ff095ac265c7c64949,1,0.852713178,0.492307692,0.507692308,0,0,0,0,0,0,0
afd3bb9fd7248e90c1d172cd0f15272de31c3954d240b1074b4b94ef504beca8,2,0.914285714,0.333333333,0.529411765,0.019607843,0.019607843,0,0,0,0.098039216,0
a3808a98cb24b850f4a85ab98308ef7f9c58d44976398e72c85077810921e26b,2,0.914728682,0.438356164,0.465753425,0.01369863,0.01369863,0,0,0,0.068493151,0
5d0a8bf4bd9bbcde7fcc535c6596ce067fd06829866210e1cd8e0998a518b32b,2,0.939393939,0.372881356,0.576271186,0,0,0,0,0,0.050847458,0
179d20f01282e5cc678fab5bd58e96b767bb0b2cabf87d59444c27efa74f8e42,2,0.933333333,0.494117647,0.423529412,0,0.011764706,0,0,0,0.070588235,0
ece67d1d2cc587231569492f70ef6add7b2fe99885d841e89c2ea27b91f28afb,2,0.920863309,0.474358974,0.487179487,0,0,0,0,0,0.038461538,0
6d9d3a3c7dec6ca0fc01e49f50db1d3a83eff54f8f0aea7b169ec007187dbd5c,2,0.934579439,0.333333333,0.583333333,0,0.020833333,0,0,0,0.0625,0
386740b53a63bcc76d81ee3e5eb8adcc6d1ae0572da4d311c78def4b95aa1c44,2,0.914285714,0.320754717,0.528301887,0.018867925,0.018867925,0,0,0,0.113207547,0
32ef2595dfbdf03255df47aade3dc531e62b969396bc15d652634d8e55d30bce,2,0.934579439,0.440677966,0.457627119,0,0.016949153,0,0,0,0.084745763,0
7fd205857803a7c1295a285d9c75b344aedc10c21785ef6956522109119d8d5d,2,0.923076923,0.385964912,0.456140351,0,0.01754386,0,0,0,0.105263158,0.035087719
2627a944f63f583d3696a3d0327ce2b4147b055ad5ad67d313984948245c26f5,2,0.934579439,0.333333333,0.568627451,0,0.019607843,0,0,0,0.078431373,0
8177fde3398f2629cf39eda6ab047296a8521a375a3e310e3e0f333cc802edf6,1,0.881889764,0.5,0.5,0,0,0,0,0,0,0
acae89790c942899b0967793a39e909f17e1e23162aba807aa503d24560272d6,2,0.934579439,0.37254902,0.568627451,0,0.039215686,0,0,0,0.019607843,0
f9b7c7715ad45bfc7d3e59a2727175f63584c041a39d8a395ace03224e4c58f2,2,0.934579439,0.288135593,0.610169492,0,0.016949153,0,0,0,0.084745763,0
9ba8043210a64aca0e32ae8a225646d72d68a203f99de44617ffc038913b3b36,2,0.897637795,0.439393939,0.46969697,0,0,0,0,0,0.090909091,0
53e7ae2a93494d263de74a4b977eb3755b73db67121d7fda2d08ea5aad113498,2,0.924528302,0.433333333,0.45,0,0.016666667,0,0,0,0.1,0
e0ca440ec5680e3ee99b2452bf939213428a42e378835df8e7014fac220ceba1,2,0.888888889,0.454545455,0.409090909,0.015151515,0,0,0,0,0.121212121,0
d76f89ce5fc2e718b09f4a13ce4226b15a0060c15a26ae3c27309ebe608a2133,2,0.933333333,0.363636364,0.509090909,0,0.018181818,0,0,0,0.090909091,0.018181818
43f2373e796341fb07aab7592c9f738eb28d7b75d3d9075c5de37f0ff108f161,2,0.943396226,0.321428571,0.553571429,0.017857143,0.017857143,0,0,0,0.089285714,0
c5d500cffcd8f07ba186564b3214e3ff26b6814b1638477b2e239745df0a3570,2,0.953271028,0.373134328,0.52238806,0,0.014925373,0,0,0,0.089552239,0
c57dabc743436a1bac9f585771026d45a7213de24d4bb4223764c6695da02447,2,0.913385827,0.4875,0.4375,0,0,0.0125,0,0,0.0625,0
bf649b296159ff11318d8aea34e9f0abe8b126ec76c1be0cd52b5538f1c2fb03,2,0.934579439,0.409090909,0.484848485,0,0.015151515,0,0,0,0.075757576,0.015151515
772846803c11b6f8effdae0ccd41463fb00dc9c12f27e3b14a546df2d0409c28,1,0.873015873,0.46031746,0.53968254,0,0,0,0,0,0,0
f1168ded2fcace31543a677a59acb51ea928218770e5540e8e7af79aad330682,2,0.924528302,0.403225806,0.451612903,0,0.016129032,0,0,0,0.112903226,0.016129032
4762e23bbfbaa260da48eed0a1ca28408a7b909c594899c3ad47b88d09425545,2,0.944444444,0.307692308,0.596153846,0,0.019230769,0,0,0,0.076923077,0
6a95e5f27397cfb16134e461712584f77e8ad2a68d4dae0ab9f7563984f52322,2,0.944444444,0.37254902,0.529411765,0,0.019607843,0,0,0,0.078431373,0
784ffa964a56c3cada585ddea46919a2a33e4747aa7fbc33bd9b57104aa47171,2,0.914285714,0.456140351,0.473684211,0,0.01754386,0,0,0,0.052631579,0
fc602b47f5e6c51b885a05e068a8931142138e982d680fad1623462b966d8cd2,2,0.7,0.517241379,0.448275862,0,0,0,0,0,0.034482759,0
84e32666220f52f93201c0fc2ccbdf8024ba010a4740ad6d82b8fa7daa56a501,2,0.90625,0.359375,0.578125,0,0.015625,0,0,0,0.046875,0
9dae635e9fcbbeab486fb177ee0e729690841fd8e2ad668f38147ed9c18d10fa,2,0.943396226,0.403225806,0.5,0,0.016129032,0,0,0,0.064516129,0.016129032
651a582a391ff15e88dfddd1db2debf055fec270bc6c92db304a9d19d987b423,2,0.934579439,0.319148936,0.574468085,0,0,0,0,0.021276596,0.085106383,0
0ce7540a1afd2ad3ddd58e8deb486a9b7ddd4f3bf8acf8a8ec9c0ac430ba677a,2,0.893203883,0.363636364,0.418181818,0,0,0.072727273,0,0.018181818,0.109090909,0.018181818
c185bb6ff90b0f9485e1dcf8975e994c8a62fdfce1cb19728793c0f9bb35d55b,2,0.944444444,0.385964912,0.49122807,0,0.01754386,0,0,0,0.087719298,0.01754386
a4ca57df0cbf6f6ce15e6b48ccc9309bf425d64cbd41df945486829b5478545d,1,0.911764706,0.565789474,0.434210526,0,0,0,0,0,0,0
17aaf47f7eff694634a8ce3679878ecf9b62894d16024ee5a6401edb4c08c34b,2,0.914728682,0.455696203,0.481012658,0,0,0,0,0,0.063291139,0
3e1d8230bb0954f63e6b2fb4105070b1ecff2828ea2cbf24a76a686c94dd1026,2,0.943396226,0.3,0.6,0,0.02,0,0,0,0.08,0
a7259531bbdf91aaf9525399384359ac9faf25ab2ebaef03dbe40236f1f0fec4,2,0.923076923,0.383333333,0.516666667,0,0.016666667,0,0,0,0.083333333,0
1ba56a201b05b579786400cbb5189591ad8925dcb6d43ebd8189125d6155c955,2,0.930232558,0.35483871,0.5,0.016129032,0,0.016129032,0,0,0.080645161,0.032258065
20d8e5832a6c57c659514f164b42f4fa84c5de2ba11696b7b2a05e14ce592cf8,2,0.888888889,0.5,0.5,0,0,0,0,0,0,0
70f45e78a49eacc422c1f2cd37c980d10c8a50847c61afeefe479aeec92807c2,2,0.927536232,0.521126761,0.408450704,0.014084507,0,0,0,0,0.056338028,0
7b7ef568e8844a83242473300e9e3fa6e8ffd26f5955fa611f166b3201623724,2,0.901960784,0.448979592,0.448979592,0,0.06122449,0,0,0,0.040816327,0
ae188365f321391bcc87aad0ac7f3664e1ff29598aaf00d7e7251a4e1de67c5a,2,0.934579439,0.392857143,0.5,0,0.017857143,0,0,0,0.071428571,0.017857143
14f54f1d82c4a39ffbbde5628235a2a06cf900c13c122a8987cbc2322896ec54,2,0.903846154,0.436363636,0.454545455,0,0.054545455,0,0,0,0.054545455,0
4807f21ea85ac0c4f99aaa9c0ea0d9434e5698aa67ee0388a6f099c0ea7c083c,2,0.923076923,0.442857143,0.485714286,0.028571429,0,0,0,0,0.042857143,0
c0dab4d0de9d61452940da23c223418f0b2be9541475e9551da6636b034b8534,1,0.852459016,0.507936508,0.492063492,0,0,0,0,0,0,0
a4bc3b6f927e24864ab604ad9d172570d6fca62099bee92c6da2e084c5534b5e,2,0.914285714,0.310344828,0.603448276,0,0,0,0,0,0.086206897,0
4fbd72a34c354eae8dd887eeb100a93e6366ec0b96f271fcb5adaa19809e1c71,2,0.930232558,0.378787879,0.575757576,0,0,0,0,0,0.045454545,0
83e87a7567682e18f1d9896b62bc8899965887582cda5111c85844fd98167f44,2,0.897637795,0.467741935,0.467741935,0,0,0,0,0,0.064516129,0
6303662231a063c12b744e2a6075f53880ef1bc4cdf5383772178e7763a304c0,2,0.904761905,0.409090909,0.378787879,0.015151515,0,0,0,0,0.166666667,0.03030303
d6a768c2e415a562c90b03074a6cfe5aaaea120cd646104bd59fded2743c1308,2,0.934579439,0.349206349,0.507936508,0.031746032,0.015873016,0.031746032,0,0,0.047619048,0.015873016
bd00ab7759857f042bb42ba22258d0e7f030ebb791af4278aa3e980837a3a513,2,0.923076923,0.5,0.393939394,0.015151515,0,0,0,0,0.090909091,0
9a361d3efe8716f869abfe08c48ac3f8cd6e72ab010e2ae906b2e0e32050fe2e,2,0.913385827,0.48,0.493333333,0,0,0.013333333,0,0,0.013333333,0
7120cfd860ec1ba2b7ab67e868b536e7d4af3c001b551b15a11c5038f9834dd3,2,0.924528302,0.444444444,0.5,0,0,0,0,0,0.055555556,0
72248ee25eabb42868e1b977d8d4fdc8b7e3568f7c5110dd3078a581cb581fa4,2,0.944444444,0.440677966,0.474576271,0,0.016949153,0,0,0,0.06779661,0
680d52b51b9336469d2689cea7f8a780787c265972ad49ac25ed78a2e3d166ea,2,0.914285714,0.380952381,0.444444444,0,0.031746032,0,0,0,0.142857143,0
334398a06df244a0a4d828275b03d6bb20318d3a6c9330bcd2c8d9624fb31c0a,2,0.846153846,0.426229508,0.344262295,0,0,0.016393443,0,0.196721311,0.016393443,0
8499d699d6a28d23311c7322d3daff5a73753b7e2c9f12266ffc2d8b5d802e37,2,0.924528302,0.421052632,0.456140351,0,0.01754386,0,0,0,0.087719298,0.01754386
a5e5fc77ec979f29f4b3942f040cee3205cd6ecff31eebaa01a1537583d2f45d,2,0.914285714,0.340425532,0.531914894,0,0.021276596,0,0,0,0.106382979,0
3dc4c69239dfdd198c1e77fd60ee24ca35e2b2a37b0ca053a80865a0a446158c,2,0.930232558,0.413793103,0.551724138,0,0,0,0,0,0.034482759,0
32fdd066663390a75405a1b64f64fc921c2a19fedac80497d10476f87d6163fe,2,0.944444444,0.307692308,0.596153846,0,0.019230769,0,0,0,0.076923077,0
3da2091890ba79004d8432368b988299d5632703d89eca2919498aa4a5ee36a7,2,0.95412844,0.371428571,0.542857143,0,0.014285714,0,0,0,0.071428571,0
5d7d10052468e1d292ead6cc3b97b869cabd8a4160792a0e856c54e734c49fdb,2,0.924528302,0.314814815,0.5,0,0.018518519,0,0,0,0.111111111,0.055555556
d76a05cc4db84949516bcc0d4e9381e210643f5b7e3a8dfedaf967e62f031955,2,0.903846154,0.433962264,0.471698113,0,0.037735849,0,0,0,0.056603774,0
613239573cd1e497f2dbb316e197f81d4e184be7ce131e57f469d6a53b568aa0,2,0.947368421,0.403225806,0.548387097,0,0,0,0,0,0.048387097,0
ca1cb55875fa5ac88e374062d59cd147dbc9f6bf53196b7c88dc7ea744598222,2,0.924528302,0.438596491,0.473684211,0,0.01754386,0,0,0,0.070175439,0
7b4a4dff950f9ca707f4ed3066c1ae94cac1f5f46c4ec3976611853d54406508,2,0.944444444,0.339285714,0.553571429,0.017857143,0.017857143,0,0,0,0.071428571,0
515a69a729852054947279ea4d71b4f38043c207d6fcc450516757e1a41bfa8f,1,0.905109489,0.546666667,0.453333333,0,0,0,0,0,0,0
816fce4babcfbff18286c75d7fc5c511fada71d32e86f42da4fad7f5dec93d0b,2,0.903846154,0.320754717,0.547169811,0,0.018867925,0,0,0,0.113207547,0
6a97da3c2f1122d12623100f38c147eaeee90c5709aa0fe58efb6f1dc5f99ec0,2,0.929133858,0.380952381,0.507936508,0,0,0,0,0,0.111111111,0
453a9608957ab4db4a63e028f74133011161e63c1539839bd437e059a1078251,2,0.914728682,0.387096774,0.5,0.032258065,0,0,0,0,0.080645161,0
f3b09d870c9755bb49190b83790243d939d69090272740fde3a3c448485683f6,2,0.924528302,0.34,0.58,0,0.02,0,0,0,0.06,0
47bdcf10dcb0ebca6ee3a97eadc76fd7faa5477fcd588fe7a6121ea892c7d61d,2,0.914728682,0.357142857,0.553571429,0,0,0.017857143,0,0,0.053571429,0.017857143
5960db49a14ac3e6add1cd68aed8b22c2b148ea1e86c739a5e8ff7a2a183c8ea,2,0.90625,0.397260274,0.534246575,0,0.01369863,0,0,0,0.054794521,0
9f14df604c8e708ba3ae4b80409641061a6ed48a544debb1911cdcd758845584,2,0.934579439,0.354166667,0.541666667,0,0.020833333,0,0,0,0.083333333,0
cb1504bd3666374b12c48953d077d84c1255753920785d669ad88a1ab9be7574,2,0.914285714,0.4375,0.453125,0,0.015625,0,0,0,0.09375,0
245dc55477ff96f7035b5b8d312bf4752fefb3fabf3ce6dde1a73324d36fd1e9,2,0.913385827,0.465753425,0.493150685,0,0,0.01369863,0,0,0.02739726,0
19c9e37d046e55f0adc260423f2c87195f6841783cb30ee04834aac7ff5c0b4b,2,0.90625,0.338709677,0.532258065,0.048387097,0,0,0,0,0.080645161,0
b3cd191cd8b5a85d455c5ecda7e298e7e44da8146aa0d72458173f69e8248abd,1,0.863636364,0.5,0.5,0,0,0,0,0,0,0
ae2db33897cbd95020e1d3e7655e07c3a5f26108913112c469eebfb52377b22e,2,0.90625,0.467741935,0.419354839,0,0,0,0,0,0.096774194,0.016129032
6f0a9bbecc66edd9b98e2f017e03d8ac86fc7144d1195bb902fdee6603aa1838,2,0.933333333,0.440677966,0.491525424,0,0.033898305,0,0,0,0.033898305,0
682226ae62a5f69b812e55a59c95d18aaeb2b58f73b6effbad2b0afbb7f11f34,2,0.930232558,0.403508772,0.561403509,0,0,0,0,0,0.035087719,0
d064ca52097b703900e1388e064ec797303e5ebb9dce40fb7ba087a63cbaad38,2,0.920634921,0.486486486,0.432432432,0.013513514,0,0,0,0,0.054054054,0.013513514
b1582d365b49c62d6f15d747e00f683e81542f7b299ce394e11647d3771f823f,2,0.9,0.382978723,0.468085106,0,0.021276596,0,0,0,0.127659574,0
9f063e3829aa12fab2d4d59eba667295b7a7a5754f8c1097c510aba3832c5fa7,2,0.914285714,0.304347826,0.565217391,0,0.02173913,0,0,0,0.108695652,0
160f0f6d18b45802bfc008c5eb03fc59775bc530f96c64589f5db8721e9fc745,2,0.934579439,0.406779661,0.457627119,0,0.016949153,0,0,0,0.118644068,0
cba49080bdb76791060ac007d5f90dad490b3f0240d326b2882d879391e98435,2,0.897637795,0.440677966,0.491525424,0.016949153,0,0,0,0,0.050847458,0
fdde8793bcc400a6284a3cc45dbd85677c27f8f73956fe9c6ac28113722a3446,2,0.944444444,0.385964912,0.50877193,0,0.01754386,0,0,0,0.070175439,0.01754386
c288d83974b16e7ddc3d0f49fc7a9f01fb43f06cc6cec58c810e2a94fe8547f9,2,0.924242424,0.407894737,0.539473684,0.013157895,0,0,0,0,0.039473684,0
0e6552ac4293fee527f13df550688f35b1712dae6a5cf6cf392dea5fdf9c7f9c,2,0.872180451,0.485294118,0.367647059,0,0,0,0,0.132352941,0.014705882,0
58d54a52d0c7430adac2b0c0690aedcae542370176b3dd077f0222c7e8b8a4c0,2,0.934579439,0.375,0.46875,0,0.03125,0,0,0,0.125,0
1e8331a7a299a4feec06cbc21633687e45e8ffaded9e00a64feed7c256d9b9c9,2,0.903846154,0.379310345,0.5,0,0.017241379,0,0,0,0.103448276,0
46f1b2babdd733617c637a7ac3a5c8a40bdf2165726b2f0770ac822c63148fb5,2,0.897637795,0.46031746,0.476190476,0,0,0,0,0,0.063492063,0
1d380a8bd11af52fd85e5db070b359ddf59ed6a59b1156658f2eabc3dca083a8,2,0.933333333,0.474576271,0.423728814,0,0.016949153,0,0,0,0.06779661,0.016949153
9a88f78515271d5b7faee406a91192ddba3485c26b9b0e9670c1a86fff2022cd,2,0.90625,0.493670886,0.455696203,0,0,0.012658228,0,0,0.037974684,0
ee62ab4e6e2f9e7f90615ca037529f61b8db3fbdcde91073ba4b5a64eb875f66,2,0.923076923,0.350877193,0.526315789,0,0.035087719,0,0,0,0.087719298,0
3106e0b03d3986f4937ff0b01e74cfcf3201f74a5fb1a2af4a4d2ae13877baca,2,0.914285714,0.38,0.52,0,0.02,0,0,0,0.08,0
e5fcb7d25218275faa80c6777046cfe95a3be465e83a7100afd977f4eb6aa532,2,0.963636364,0.440677966,0.508474576,0,0.016949153,0,0,0,0.033898305,0
209e76434c7549dbb5a76bb1d8fa1686ea9cb48180409b8ce9648f6486140bad,2,0.933333333,0.351851852,0.518518519,0,0.018518519,0,0,0,0.111111111,0
1016348ef020ed0df5c3a2d9cb8aaeaa0b072c37318035b0d5646e247e78314c,2,0.95412844,0.385714286,0.528571429,0,0.014285714,0,0,0,0.071428571,0
4326c5f183a4c9b68d54451327d4991b32bbbfdbba1d0f2a1dcea3bacb7db9bd,2,0.878787879,0.393939394,0.424242424,0,0,0,0,0.166666667,0.015151515,0
501ca75ded583407e0947e4d6c710f55a51692d39c177290b58f00b78af5f65e,2,0.921875,0.402777778,0.569444444,0,0,0,0,0,0.027777778,0
1256e949344015ed24bb15ce75401fd6eaafcf6c26cb6acc408702693b1c5a97,2,0.903846154,0.3,0.54,0,0.02,0,0,0,0.14,0
432cdc8e4c628771c4963d3515ab0721a0529d1e6fe47916bb21d15b6351bcf3,2,0.928571429,0.469135802,0.419753086,0,0.012345679,0.012345679,0,0,0.086419753,0
f1ea911abb93f763386cda46347a5e785a2165a13a72e859eee6641d4fc702e9,2,0.914285714,0.333333333,0.490196078,0,0.019607843,0,0,0,0.156862745,0
35735ed7fa90bf92f5934ff9c627a067d1896cbd963f6ca1973314a5c550e5f9,2,0.944444444,0.446428571,0.446428571,0,0.017857143,0,0,0,0.089285714,0
7cb4408ca006ef2df581dea342cc98a83e7040c8126b1e7094c61bcc869c0fbd,2,0.924528302,0.294117647,0.568627451,0,0.019607843,0,0,0,0.117647059,0
755a0e98e60d653d81624d593e870f906658727cabb53a802ef0a44d9b6aee9f,2,0.933333333,0.396226415,0.528301887,0,0.018867925,0,0,0,0.056603774,0
d067725a236cc32fbb0c757b9c2418628f74089e355c6d80e431555d4384afe6,2,0.914285714,0.473684211,0.438596491,0,0.01754386,0,0,0,0.070175439,0
5a1688ec797aa666f9f2139f5b44a6e3c1d3be699f951af44c5a4c7e95d44a15,2,0.934579439,0.368421053,0.50877193,0.01754386,0.01754386,0,0,0,0.087719298,0
043a00675809c59ddeffb33203e0fae3fcc778a4611d348bf8abad18574b74e3,2,0.934579439,0.428571429,0.46031746,0,0.015873016,0,0,0,0.063492063,0.031746032
9d3b122b8fc4bc89fe07ea99bcd457d9fa541706d931c8d0d554029b9f5c1137,2,0.863636364,0.484375,0.453125,0,0,0,0,0.046875,0.015625,0
c39bea564149bd0a2087145022fcf0704b038149f1ffec02bae6b6e4de4c5d71,2,0.934579439,0.34,0.56,0.02,0.02,0,0,0,0.06,0
aece9fab3b17867844365931786ec5c627790dd53d2724f8a632ef44d0d1b2b5,2,0.923076923,0.474358974,0.423076923,0.012820513,0.012820513,0,0,0,0.076923077,0
9dcc451b8f7d01955b552c05e2e89d0b5a862dd43cb5ba89bf0a624a70e1db33,2,0.934579439,0.333333333,0.583333333,0,0.020833333,0,0,0,0.0625,0
66d1e6b0d633a3f723cfa6d5c8f095d1c2f20ee399199ba92fe8f7b5c76bfcc8,2,0.952380952,0.430769231,0.430769231,0,0.015384615,0,0,0,0.123076923,0
7ead51ca44c1673d6cc7266e678f109ac8c498054a59cf9d6fcdf674fb718b2a,2,0.924528302,0.340425532,0.595744681,0,0.021276596,0,0,0,0.042553191,0
a78ee461d544cb1530d476bd2aaddaaebb78a50f170b0aa82c9758875e59fca6,2,0.924528302,0.421052632,0.403508772,0,0,0.052631579,0,0,0.122807018,0
1bc21e157ecab582d9e4cb2262cb447c11187bf391b1d271dcce6ec28f14c0ef,2,0.90625,0.381818182,0.581818182,0,0,0,0,0,0.036363636,0
308e8bb2e8a3b67607d2454370e0b50147b42049bda8130ee519e0de86b8a9ff,2,0,0,0,0,0,0,0,0,0,0
aa10bfe51228e5210c7e34372d4e9ebe75e920ba85edb2e6350c2e390899cf09,2,0,0,0,0,0,0,0,0,0,0
a3275735b0d0b68818b527f8f11ed623b095905dc66e8b50f46861d1158290c0,2,0,0,0,0,0,0,0,0,0,0
5e815f1124d3279bf4d593ecdf73f4d8e7cabc26e7dbf1148a5f3ed529531827,2,0,0,0,0,0,0,0,0,0,0
499343bde27d6c3fdd112b1ae48656c8e62e3dccc1fe682733c597b37f0a664d,2,0,0,0,0,0,0,0,0,0,0
1fcbe5d51360bee55f55c791a95df8c61f73e117bda89b9439d74df5cee7aa71,2,0,0,0,0,0,0,0,0,0,0
5b3bb26ce3cc45e3f9317075e2018d429ca2d0203bd6c41eda16da34bc0b8ccd,2,0,0,0,0,0,0,0,0,0,0
046041aba6ba77534c36bb0c2496408d23c6a09f930c46b392f1edc70dfd66de,2,0,0,0,0,0,0,0,0,0,0
0e73886d15f788471581cbf3864703206fd96eb79e4683ffa332463507fdcda4,2,0,0,0,0,0,0,0,0,0,0
fdbad29d846785daeac792e56c7165685ecaf6f784931c86fb2ce8b085f3ba67,2,0,0,0,0,0,0,0,0,0,0
d505b31200204d0854d67244dfddab81552937571e321d3f5520c5be8fcbc283,2,0,0,0,0,0,0,0,0,0,0
2d09798210455d443e62351b7b9f02fe7412930623a6bcf6b009c94da3f0fb94,2,0,0,0,0,0,0,0,0,0,0
3686c09b2a7755811095196bd155757b5316883d27266ca2d808ba38b410163a,2,0,0,0,0,0,0,0,0,0,0
d6d811768d315ac1fafcb356b040f522375192510a93ef94a5cfb22001a6de61,2,0,0,0,0,0,0,0,0,0,0
7485ff522f4662ae5c91a5248e82370d9f24bb6e548fe279ce9e9e824c6c4d41,2,0,0,0,0,0,0,0,0,0,0
d08eceecafdce076fc7f9e1bef061a7a67eb09ca6f97c2f77e2f3da8a0cc998b,2,0,0,0,0,0,0,0,0,0,0
a6fb3efc0d74e81da25d7bf35fb6112c77419ecbae443b598371bfd5e1c427ed,2,0,0,0,0,0,0,0,0,0,0
aba3f763bc73ac333eeb4f1f4c1de93e58ff107099c7c33a014216c02d1a13e7,2,0,0,0,0,0,0,0,0,0,0
99ec947614ec6262aa85b4f132e39c618dc5a671165c50af1bdec1a5b3e127dc,2,0,0,0,0,0,0,0,0,0,0
18ef1715677de1aee41945784481cbcaa16c4e99753340b8844d2f9ad4c60b36,2,0,0,0,0,0,0,0,0,0,0
7ab4a27812e54a0a4ab0a952707f4e185eefe67c5466e9c47d578056e5dfcdda,2,0,0,0,0,0,0,0,0,0,0
5a63c01f80e137c588117dec2a9ae121d27b8a57ec40ab77e7e5a94a75be2db2,2,0,0,0,0,0,0,0,0,0,0
d33281f6c857aba988c049950c07dbbfb034fdc58649dc00869ef1fddbdcb074,2,0,0,0,0,0,0,0,0,0,0
5e405415dc1a7d3c56e7e8d8b9b744ac3c2a275ee5f4b09bc09d63d6f7546e28,2,0,0,0,0,0,0,0,0,0,0
20e3dc90a3e83b6202e2a7f4603b60e5e859639cb68693426c400b13aaeabd78,2,0,0,0,0,0,0,0,0,0,0
755394b623e31d32f900de2f37ba04a0aa9a3c3c57dc34b8f5f4792f18c34196,2,0,0,0,0,0,0,0,0,0,0
52fd1baa60c9e16af74b9e71800d763eea08fd6f84a2b609f6abc4838bccf20e,2,0,0,0,0,0,0,0,0,0,0
56feb0c8cde725df0111865170d4c6cf5b8cd395ed07583c3addaf0a6af0add6,2,0,0,0,0,0,0,0,0,0,0
0fe87602f6f2a6dd5acf209eea81ec0555fe1e02d6f781299724238b4cb2e2c1,2,0,0,0,0,0,0,0,0,0,0
e18c02ba480e83489976314a0a79441108faf4d246292eba1eadd36ce4fc6acd,2,0,0,0,0,0,0,0,0,0,0
b155a83cd2a33da9c9b89b8f979c42a3d39edf54e0d2937d3cffc22bd8b4274d,2,0,0,0,0,0,0,0,0,0,0
05c73c13c3635fab5c7daa5bcae4ea3a21ec0bd620291762cd13c03cd786b438,2,0,0,0,0,0,0,0,0,0,0
c9ec3caaf26a731e3ae6dc4e7b189a260749735c7b0634349fbc5cc406f1f383,2,0,0,0,0,0,0,0,0,0,0
654d8713c53d3e3fd49ec30dcb6953311862098974ded71e24d6481371c6274b,2,0,0,0,0,0,0,0,0,0,0
2a922ebe7edb08480baa1721ce1b5185fb5af7f64ec0f128d6a7a37711784815,2,0,0,0,0,0,0,0,0,0,0
df23113f3c534e5becbd452bf2ad92cbcf2a92641f775f4f579c91ad7c0ac7f4,32,0,0,0,0,0,0,0,0,0,0
b6e97dbf4ec13dec0324ab2d66b8c771d4da6539087d84bf009b9a80b0f78799,2,0,0,0,0,0,0,0,0,0,0
33aaf68843e2936dfd3665e5cdb76a3d5372fff42fe66f4f2b35886066a0380e,2,0,0,0,0,0,0,0,0,0,0
b2ded3ce4b19a18844d4aa90b60dfc1a8d3e9cd7649e7478c524d5c9d035fccc,2,0,0,0,0,0,0,0,0,0,0
af647fcba328c6a41c6512dc34248b7c0413d5db337be2cba1fc3761855ddce6,2,0,0,0,0,0,0,0,0,0,0
fbba0c95a318e9c7f37915f2fc273321a668e668696e821cab1b013ad8fe496b,2,0,0,0,0,0,0,0,0,0,0
4a43f1eef4605f99278e609a8d372bc2386fb8f63ba6999e3ff5c3b80142a6f9,2,0,0,0,0,0,0,0,0,0,0
9f488edf5ed634d8f50d0a08fdf2eb24e22106c0f22954f3b30f5aa0a366c505,2,0,0,0,0,0,0,0,0,0,0
69b5a97bd24aee318b2afc50506bfeced8ceee010cdf8268522ea9b5e912ce84,2,0,0,0,0,0,0,0,0,0,0
d3062f93740551d2f3aa0a386587f7cc5ab4c524477845ca4d2544764d0bf119,2,0,0,0,0,0,0,0,0,0,0
ca6710ac624c4badd89606d2d46270b68a494b9778a109477955f6403d77493e,2,0,0,0,0,0,0,0,0,0,0
1e171264f1310680b03bb9122633db660378bc411b28ae25c2bfab9f0f06da51,2,0,0,0,0,0,0,0,0,0,0
c3afcf2e6f64303f8377793255b38f6d677ca8eab9eddae65693c1235d05a1ae,2,0,0,0,0,0,0,0,0,0,0
9765f6a4ef2630731553c298e3bf079a7fd28d04413d0ed7dbaa697e81592252,2,0,0,0,0,0,0,0,0,0,0
70bffc9c81bde425bbd3b2eaf54fb82764d15808f92e9338d2b954a5b912b43b,2,0,0,0,0,0,0,0,0,0,0
d752be52e51756f597a1e346255bf400a31063c70c9c7c724c06b2d620d5212a,2,0,0,0,0,0,0,0,0,0,0
5a0f4fa2c578675590ac317e392f78abfc19577a7f8c964e708a1ad436e58a37,2,0,0,0,0,0,0,0,0,0,0
667fba10a1775750b3b63be899f4b097841c71ce531f52366bd47b6b4c474a0f,2,0,0,0,0,0,0,0,0,0,0
7637ebd20f2b197995d6876d3cd4b01479614f5c0859bf8466b1ec956c6b1993,2,0,0,0,0,0,0,0,0,0,0
193cd70a73e750a178eb91b05b8a15f988b1499cb77c37c9a9f2e2e22d98ce59,2,0,0,0,0,0,0,0,0,0,0
c60ebcad6dcbc20fd27872ee4ae92b83950420867ab7a4769bac9d1a4f25e067,2,0,0,0,0,0,0,0,0,0,0
60fd82f9261ab7faf0d168d623c0e16f8b587ea7ec5aa441c3a5944f439cbacb,2,0,0,0,0,0,0,0,0,0,0
3bc5906d625e95dfb4744c2baa1e1a5d1b3f73ee663cc149f02ef7eaf23986c0,2,0,0,0,0,0,0,0,0,0,0
832bdee44d637d7334b3300db73550de552988d6c15af917572eba6b0077770c,2,0,0,0,0,0,0,0,0,0,0
4a495b476cc33e6be712a77184626725ec10e3f31b89d3c53010bd620bcd0cbb,2,0,0,0,0,0,0,0,0,0,0
857e2db65d56ec90bf7ffd3c51df4e9c577ca6576e399065f3220a5195e1f9bb,2,0,0,0,0,0,0,0,0,0,0
fb79aa9861b147460e71653b2c01129cc0911efc6c1f97c6377d96f47d651da2,2,0,0,0,0,0,0,0,0,0,0
ba8f214c82e335b1b003114bf92450b47e1e07d8e23a165564405a2338c755e1,2,0,0,0,0,0,0,0,0,0,0
ecf9e6567852f1a45dd6068ed197aa22cfac0121fdc0c3a2e9367dd6cc85fcae,2,0,0,0,0,0,0,0,0,0,0
9dbe301e6b832184a624e97ee08735397aeb656e4fcb98c2388a57deb2f33e76,2,0,0,0,0,0,0,0,0,0,0
463046a6d4263478667cb43d534df3cf65b4e3b26a71ccfa7c3d64d29e2c6d8a,2,0,0,0,0,0,0,0,0,0,0
a5d76d29280af398aeb406063676620060a5d0cb28b2d33d917f41a5c06e4d84,2,0,0,0,0,0,0,0,0,0,0
fbfdedb850f535b635f17053f33bad5e5f72785a576ba5a8b1c6adff4488b430,2,0,0,0,0,0,0,0,0,0,0
cb1454687b08797f9cd506fde40157d5688c4494772f0836054bf75f5a2bb468,2,0,0,0,0,0,0,0,0,0,0
c42ab04f9d19b18d2d145a32a98e02e8070d25275aad11b3c9917c3cdd370c10,2,0,0,0,0,0,0,0,0,0,0
4ea6fb35bfa0deace0e149557d73a99ee858029e33bbbcaf5cdf5aefb21ffb80,2,0,0,0,0,0,0,0,0,0,0
79d27b57b5e2128fb96b229198fff3be95816d4495d26d512ec27cfd7406d0b5,2,0,0,0,0,0,0,0,0,0,0
d4d518c5415ace543cb348a93ab6df569ee298d18fe47ad3eb75018f5cb5f5db,2,0,0,0,0,0,0,0,0,0,0
b25976b4e32dcc3884ac0c8aa1e8416d483ef8598d232ac788e917f8967ff131,2,0,0,0,0,0,0,0,0,0,0
692acd7aa54a1c159f7e09625bba47dfc6ce2ff6aeab9140550dc5a3b744a49d,2,0,0,0,0,0,0,0,0,0,0
51bd880654939f595158f3da086ce3b4e10bca532fda5b3c03033ac55e672ae7,2,0,0,0,0,0,0,0,0,0,0
341e757fe21e236ff2162c678f940558196ae1988a5f5efc4a4b25e425fa0ea0,2,0,0,0,0,0,0,0,0,0,0
76098cc2969c4a090fba5c863bb3bb52b5ce88bee46da9d46aab0252affa0744,2,0,0,0,0,0,0,0,0,0,0
1566460d4c89f8a26fcde4b0fd4f70d7ccbf873dbeaf5f52e44f96a45c0e3807,2,0,0,0,0,0,0,0,0,0,0
e82b3e2d357ecdebc189379f79f2b354d34c7af1a1d56de51ad5a539059dcf61,2,0,0,0,0,0,0,0,0,0,0
62f1ad51806af5c9031851373f8c404e371514d3b0c8e236d6ea0cb488c4a56b,2,0,0,0,0,0,0,0,0,0,0
10feeb1b0fde32e0d3699bb8bb8558fafb03da45b7d204dd5b7200439a39cf2f,2,0,0,0,0,0,0,0,0,0,0
ee817287293478ecdd152a44b99c04c3aa18dc7399c1f4dd6ddcedca39639af2,2,0,0,0,0,0,0,0,0,0,0
3d1ac5f16b486805bfea6e9152cc60251b7e8f4a8580187afef978347e523f46,2,0,0,0,0,0,0,0,0,0,0
67fadfeccc66c338d0575516ac5acec9788e5be437e6924478292f92dcd4a8da,2,0,0,0,0,0,0,0,0,0,0
0ff0a7429ebd5f19eac9fef4504d12c2b2b66a2b060de1c25d6e8fd08262f6d9,2,0,0,0,0,0,0,0,0,0,0
8e9dd45d81352c2fe6f6b6ab124ae81d2b6485dba434bd59cfe8ce44f7628b24,2,0,0,0,0,0,0,0,0,0,0
ddb348b0443d540a6e72477b111b50b094adcd490872c4786acbdcd093e07f8d,2,0,0,0,0,0,0,0,0,0,0
3d8b868359f623a9441e336d32c360352bf819114052599d3c85ab69e60d1de9,2,0,0,0,0,0,0,0,0,0,0
86c8b86a80e911bb63d7a78b828bf45a02afb5c9ab271906720feeec7c24fe7d,2,0,0,0,0,0,0,0,0,0,0
48331be81db4474aa078c976b4635737b87f10974b11832fbdcc387bb6869fc8,2,0,0,0,0,0,0,0,0,0,0
bdd41d65a67e87653abaa454166fc37b38ca219ec76f73dd27012ec7f4add8df,2,0,0,0,0,0,0,0,0,0,0
54b700b40965e1ca937bba16365fc3a52a6de8eff1bd8c11a65bd42aa3ace1cc,2,0,0,0,0,0,0,0,0,0,0
3a26e84b22e7665a55f0857da23a05e3ef3ed430242b6f7635909981cdbeba94,2,0,0,0,0,0,0,0,0,0,0
47f2e16177373b0f0fc9ea80f468030c39808d1a8c72271f71a7358a4a1bc0e5,2,0,0,0,0,0,0,0,0,0,0
457208d67a63689b65a6d209b95ec1e3714601fc1d96fd5b1402d5034a448931,2,0,0,0,0,0,0,0,0,0,0
a54b84e56a936791da31c69d4048798521d62ad90991798587bf0c25e0b90148,1,0,0,0,0,0,0,0,0,0,0
dda46ead54b5f92e4fa77cf708f9c87521cf26e80ea776203b34037d54590f96,2,0,0,0,0,0,0,0,0,0,0
10cfee2da8c02724184a60a0bf386df8ac988ca498dd39a64cdca65a58dd320a,2,0,0,0,0,0,0,0,0,0,0
e42647afd2747ba0c5a5c2440b5a68a9f0139850782690e1f7f2abd01ff573f3,2,0,0,0,0,0,0,0,0,0,0
e40f02f83a5747b8b47cbc21fc7c54e6b81b7b92c86410ccc62795274f639385,2,0,0,0,0,0,0,0,0,0,0
20a80b9d290223a304c752287ea4ac7371f928c4455fcb29bf5224f1096f8530,2,0,0,0,0,0,0,0,0,0,0
5f435219d06e44d63e9d5b7a234afe3ef384c94fc997b9cbd2f051742d69c790,2,0,0,0,0,0,0,0,0,0,0
372572f4a64e87134e48bb11ac0eefe3d08cabd9be31c5c6499ed9d8fe06df7f,4,0.764227642,0.587301587,0.26984127,0,0.015873016,0,0,0,0,0.126984127
567b914c19e54fb78b9c487868550a0ead98ccc21e1f640d571b7d98ad1e13b1,4,0.756302521,0.46969697,0.348484848,0,0.015151515,0,0,0,0,0.166666667
d5c5f6dead10c40058579006138a70561276ce9742a9e5777e6be49a9efa1e37,4,0.776859504,0.485294118,0.338235294,0,0.014705882,0,0,0,0,0.161764706
b73dcf5bcc44109613bce034ae0e96d9c868d69dfd7e63a7cce706053003c9df,4,0.766666667,0.484848485,0.333333333,0,0.015151515,0,0,0,0,0.166666667
c0f506df0bc3b86d26276d7ed95b9f53de53b4ed9a0e47a68615ffdcf5b4fa76,4,0.733333333,0.5,0.357142857,0,0,0,0,0,0,0.142857143
1f7fff9acb21a7f506194f2d370c669cf98e8dcf597fa2c1e3f5cba9990327ab,4,0.722689076,0.523809524,0.285714286,0,0.015873016,0,0,0,0,0.174603175
6f267731106863785ee046604bcb54eb973888383e35991aa646fcc5b9bb9314,4,0.733333333,0.52173913,0.333333333,0,0.014492754,0,0,0,0,0.130434783
f41e1405b2d7c19b814170232d477a3bacfedada428b26a6aa4f2ef1830f5bef,5,0.566037736,0.466666667,0.377777778,0,0,0,0,0,0,0.155555556
81359dc1f57093677819ab85af1f1429b8b5ecb3ae4ceaa5f79483ed6632f836,4,0.79338843,0.492753623,0.333333333,0,0.014492754,0,0,0,0,0.15942029
e843e69be8b7be9da6d23339358bd03b8110d4c41410acd20d682a5bf76c71c2,4,0.743801653,0.492957746,0.323943662,0,0.014084507,0,0,0,0,0.169014085
677cb2fc5d7a4e66220d66445d3a7fa7129fefcfad236744a558140e65d7264c,4,0.743801653,0.513888889,0.319444444,0,0,0,0,0,0,0.166666667
1d9754d306c2afe8fd501b6a7449ce2b31988935a52af20866fe321c5a5b0645,4,0.740740741,0.446428571,0.267857143,0,0,0,0,0,0,0.285714286
6dc29a394cd2c86368edfa7d7721c5c56cd9deea4bdca045cf0eb76549a1152d,6,0.700854701,0.491803279,0.393442623,0,0,0,0,0,0,0.114754098
67cb2e599dc74d3e6f8048e4f19b08bb8852579326ae869f8c39fa818ef144bc,4,0.735042735,0.444444444,0.333333333,0,0.015873016,0,0,0,0,0.206349206
f4082490bcc07199c70bae51ac38a95e585c53f9001a1bf1b8fe67a15a3dbbf0,4,0.700854701,0.516129032,0.322580645,0,0.016129032,0,0,0,0,0.14516129
7e7d1803366d468d089ff0c15817cc44e03d3cc5109473086a613b68cf5cde80,4,0.780487805,0.492753623,0.362318841,0,0.014492754,0,0,0,0,0.130434783
8a9d5dca525ab713e4468464b6bc444f49fd16afa297026f5aa026e9f1d431f5,5,0.605504587,0.407407407,0.462962963,0,0,0,0,0,0,0.12962963
98e68c16d7182aa3d29bbbad961192a0a3679cb36c4fa334ed8675b69ec0a43a,4,0.754098361,0.424657534,0.328767123,0,0,0,0,0,0,0.246575342
c9c52693b7a8de83bdf730d2b90aec1e942269b5b750ae6dd2f00768c1f855e8,4,0.722689076,0.411764706,0.338235294,0,0.014705882,0,0,0,0,0.235294118
850db6418cb343d6e48f82dd435d9aac4459c3fefb9e9fb9ea1e2455a455a367,4,0.754098361,0.5,0.290322581,0,0.016129032,0,0,0,0,0.193548387
0e56a212452f8382cc59f8ea56838b188802b56853a868f03a610e633095cda6,4,0.783333333,0.507042254,0.352112676,0,0.014084507,0,0,0,0,0.126760563
919338befb7b39e71d750fdf3328dbaf4194b881a93e016583026c733e5176a5,4,0.764227642,0.555555556,0.26984127,0,0.015873016,0,0,0,0,0.158730159
8f88dd80520ccf01a78eb649cc1a7918ff8a0c36019a7b5ecf59ae9c79afae7d,4,0.707964602,0.442307692,0.288461538,0,0.019230769,0,0,0,0,0.25
3a6f57189a5fe71eed95025289220f3eb997f23b2cd0f8e8affeb1a0bd8832ad,4,0.724137931,0.5,0.327586207,0,0.017241379,0,0,0,0,0.155172414
344a9c50e80e2db73c5a76277f41e8020eec2a3aef55276cf9ac4947493b62bd,4,0.722689076,0.532258065,0.274193548,0,0,0,0,0,0,0.193548387
34a67010c71f3b07afb6bdf9a146b76eed5428ede4afd7860045edaa7897bcb6,4,0.743801653,0.513513514,0.310810811,0,0,0,0,0,0,0.175675676
89c34528e8607f85117cabd95815bf2353cac797ee9c09c561656b227869753e,4,0.728813559,0.402985075,0.328358209,0,0.014925373,0,0,0,0,0.253731343
444ecd76408121efb70dedd5886e0d2042b0afcd9ad85a940eb6e027f7651082,4,0.745762712,0.484848485,0.348484848,0,0.015151515,0,0,0,0,0.151515152
ee97f9a6d45b17138a70dd059c12b950dc5cfd7ea2ea195a0174e656506608c9,4,0.75,0.5,0.306451613,0,0.016129032,0,0,0,0,0.177419355
2f746b7a5368ca37faafc8e3beeddde8fb170d6dfe5d9d997df3282c889b96a6,4,0.774193548,0.507042254,0.323943662,0,0.014084507,0,0,0,0,0.154929577
629e1a081ae300a6d2f05af5d3062f2b48e11d58f2589a4dc44c4f79c9c32c87,4,0.756302521,0.415384615,0.353846154,0,0.015384615,0,0,0,0,0.215384615
f8b89f97feff5649f70d133e5a998bb941c042aa450267dafba9ed28a95b7f59,4,0.743801653,0.441176471,0.338235294,0,0.014705882,0,0,0,0,0.205882353
0c8ec28717313d7fd398d32d21f59f196fdf08a77fa6361e4a6d7e2da79a0b37,4,0.75,0.491803279,0.360655738,0,0.016393443,0,0,0,0,0.131147541
e9bb85a4542b6d954e0643d3a11e297ddd82611c26f5b20de5e92bbc0ca77418,4,0.754098361,0.492753623,0.31884058,0,0.014492754,0,0,0,0,0.173913043
183e62420bafede5946554ee900f6da6f3195d33c8c1ddfe9388ff03522c3220,4,0.717948718,0.415384615,0.338461538,0,0.015384615,0,0,0,0,0.230769231
c584c1bd086b6f8007e1a594498dd51149f97a492dd8113493a6dd21f9134ad6,4,0.733333333,0.507042254,0.309859155,0,0.014084507,0,0,0,0,0.169014085
d2939ee7042da0a88a76cc4e60e5a8cfbc83e5b4fad03c547ffb13bb006a2c5f,4,0.756302521,0.415384615,0.353846154,0,0.015384615,0,0,0,0,0.215384615
5f70ad5a48f1b4b451fb838f3d242c9f7dc099a94727ab0f5a3e32fa142a26b1,5,0.724137931,0.4,0.4,0,0,0,0,0,0,0.2
5a3c7d8535b1e541265a461bc2306cb416a184c9d24f45dc3c750fefa2f6a1a6,4,0.743801653,0.405797101,0.333333333,0,0.014492754,0,0,0,0,0.246376812
766a154f7554d1d6f324d552a9f1898cfe8f3574e90aec8bea482509342782d3,4,0.756302521,0.484848485,0.348484848,0,0.015151515,0,0,0,0,0.151515152
eab5cdf92c96af51beac9bd747fd44dcd652a77b370a0eee68f6e5cf805be4b6,5,0.630630631,0.454545455,0.436363636,0,0,0,0,0,0.072727273,0.036363636
edbb25dfdfe594eb597484e31968fafa0462e81b203497aff0f5a60879860e53,5,0.689655172,0.421052632,0.368421053,0,0.01754386,0,0,0,0,0.192982456
61ccd314eebb65513f70b8f803d2f42757e4e1bfc4f0ced7bde847be8216466a,4,0.733333333,0.428571429,0.342857143,0,0,0,0,0,0,0.228571429
ae7bb2bd4d4aa1bc6cbbb08b47597b3c555fc8391bfc96edce49448e0e31f67c,5,0.666666667,0.49122807,0.333333333,0,0.01754386,0,0,0,0,0.157894737
b88899521ee567759e0fac13799c699cba70ecde7b93dffb60872939de858a03,4,0.756302521,0.484848485,0.378787879,0,0.015151515,0,0,0,0,0.121212121
f331d4c27ee924006b6870864d5a4b2d782d022b7411fc7fcd0b275cec1e62ec,4,0.735042735,0.403508772,0.298245614,0,0.01754386,0,0,0,0,0.280701754
fc98055fe4921aa92b5fb0b2cbbae5ebc0ffdc932d1ca890b893c19a838d03d5,4,0.733333333,0.428571429,0.328571429,0,0,0,0,0,0,0.242857143
7ae0bf2299d65882246c5ba59cb8d05a3f40ada75e9c28bd9e86fb6185de702b,4,0.756302521,0.47761194,0.343283582,0,0.014925373,0,0,0,0,0.164179104
36cc514722804312a8769b90cd872196aca9060ba19f2122af1ef9230e9e7850,4,0.754098361,0.442857143,0.342857143,0,0.014285714,0,0,0,0,0.2
bf09eaa236bb31e087e1fe8b674e62f5ee8c70d8199210b8ae68cfcb753ac02c,4,0.756302521,0.5,0.342857143,0,0.014285714,0,0,0,0,0.142857143
20843d0cdd4530871779caa7abdd86286747cf5422074a5f981d499aed8d19d3,4,0.743801653,0.434782609,0.347826087,0,0.014492754,0,0,0,0,0.202898551
58b298e56c9f3ab83b11fd958ad8ca5a51fb8cbf2c6222c1d76f8e6d213bf2be,4,0.696428571,0.450980392,0.274509804,0,0.019607843,0,0,0,0,0.254901961
7eac275d360fda30d14d9fded388d7713439e0ef3eb5588f63341a4f6cc4f479,4,0.707964602,0.436363636,0.309090909,0,0,0,0,0,0,0.254545455
c20a8e17553a8a2a2d9430765ac7a7c1405e4736e52058c80e5e81a2ffb4ad00,4,0.71559633,0.551020408,0.244897959,0,0.020408163,0,0,0,0,0.183673469
dbfb9d41b805835486273bc32bf16c62c63c0127833deb7b9d76326b892ed0b3,4,0.74137931,0.403508772,0.298245614,0,0.01754386,0,0,0,0,0.280701754
09ca73e0406c4d96a73cbaa68660617439ee99224d2603caf1610dd5cad5cb25,4,0.733333333,0.439393939,0.348484848,0,0,0.015151515,0,0,0,0.196969697
6ef3421c3c2d879e5ca7cb83b8a540f77a9f78cc60ed7ef9771ef39e8b92f48c,4,0.745762712,0.492307692,0.369230769,0,0.015384615,0,0,0,0,0.123076923
79072ee92448d21af7333e10da35c4ad37c862ddadd4d11e9744f5ac2f41fa2e,4,0.735042735,0.446153846,0.338461538,0,0.015384615,0,0,0,0,0.2
801147f2dc7b49cbc2907525e54d3bcd41a7ba4be9d648de5e2222d068e63d9f,4,0.754098361,0.478873239,0.323943662,0,0.014084507,0,0,0,0,0.183098592
